epoch,Train_loss,Valid_loss
1,"[0, 703.4168090820312]","[0, 720.5801391601562]"
2,"[0, 699.3995361328125]","[0, 716.4588012695312]"
