epoch,Train_loss,Valid_loss
1,"[0, 654.02587890625]","[0, 711.1849975585938]"
2,"[0, 653.7326049804688]","[0, 710.6613159179688]"
